"9. Industry, Innovation and Infrastructure",twitter inc,2017-08-13
"9. Industry, Innovation and Infrastructure",american airlines group,2016-03-22
"9. Industry, Innovation and Infrastructure",duke energy corp,2018-09-13
"9. Industry, Innovation and Infrastructure",starbucks corp,2016-01-14
"9. Industry, Innovation and Infrastructure",netflix inc,2016-08-13
"9. Industry, Innovation and Infrastructure",walmart inc,2017-07-24
"9. Industry, Innovation and Infrastructure",suntrust banks inc,2019-01-24
"9. Industry, Innovation and Infrastructure",morgan stanley,2018-10-09
"9. Industry, Innovation and Infrastructure",union pacific corp,2016-05-15
"9. Industry, Innovation and Infrastructure",mckesson corp,2016-07-11
"9. Industry, Innovation and Infrastructure",mcdonald's corp,2016-07-23
2. Zero Hunger,chevron corp,2016-05-06
2. Zero Hunger,apple inc,2018-08-06
2. Zero Hunger,walmart inc,2017-07-23
2. Zero Hunger,anadarko petroleum corp,2017-08-26
2. Zero Hunger,southern co,2017-10-08
2. Zero Hunger,duke energy corp,2018-09-18
2. Zero Hunger,starbucks corp,2018-06-16
2. Zero Hunger,centerpoint energy inc,2016-04-18
2. Zero Hunger,norfolk southern corp,2018-08-07
2. Zero Hunger,caterpillar inc,2015-08-11
2. Zero Hunger,american airlines group,2018-12-09
2. Zero Hunger,las vegas sands corp,2016-10-28
2. Zero Hunger,nasdaq inc,2016-03-25
2. Zero Hunger,verizon communications inc,2015-06-24
2. Zero Hunger,exxon mobil corporation,2017-08-26
2. Zero Hunger,union pacific corp,2015-10-25
2. Zero Hunger,mosaic co,2016-11-28
2. Zero Hunger,intercontinental exchange inc,2019-01-26
2. Zero Hunger,entergy corp,2016-02-24
2. Zero Hunger,morgan stanley,2018-10-09
2. Zero Hunger,united continental holdings inc,2016-10-14
2. Zero Hunger,valero energy corp,2017-08-27
2. Zero Hunger,southwest airlines co,2017-08-25
2. Zero Hunger,akamai technologies inc,2017-09-19
2. Zero Hunger,xcel energy inc,2019-03-14
2. Zero Hunger,hormel foods corp,2018-11-21
13. Climate Action,duke energy corp,2017-03-01
13. Climate Action,union pacific corp,2015-10-26
13. Climate Action,exxon mobil corporation,2016-07-26
13. Climate Action,jones lang lasalle inc,2017-03-01
13. Climate Action,akamai technologies inc,2017-09-19
13. Climate Action,morgan stanley,2018-10-09
13. Climate Action,goldman sachs group inc,2016-10-12
13. Climate Action,moody's corp,2017-05-24
13. Climate Action,american airlines group,2017-08-25
13. Climate Action,delta air lines inc,2019-02-14
13. Climate Action,fedex corp,2017-05-15
13. Climate Action,entergy corp,2016-02-24
13. Climate Action,centerpoint energy inc,2016-04-18
13. Climate Action,anadarko petroleum corp,2017-08-26
13. Climate Action,walmart inc,2017-07-24
13. Climate Action,southern co,2015-12-24
13. Climate Action,starbucks corp,2016-01-14
13. Climate Action,xcel energy inc,2019-03-14
13. Climate Action,apple inc,2018-08-06
13. Climate Action,southwest airlines co,2017-03-01
13. Climate Action,intercontinental exchange inc,2019-01-26
13. Climate Action,mcdonald's corp,2017-08-26
13. Climate Action,symantec corp,2017-01-24
13. Climate Action,conocophillips,2018-06-23
13. Climate Action,norfolk southern corp,2018-08-06
13. Climate Action,united continental holdings inc,2016-01-25
17. Partnerships for the Goals,united continental holdings inc,2017-05-10
17. Partnerships for the Goals,facebook inc,2017-04-16
17. Partnerships for the Goals,starbucks corp,2016-01-15
17. Partnerships for the Goals,chevron corp,2016-10-26
17. Partnerships for the Goals,duke energy corp,2015-05-14
17. Partnerships for the Goals,suntrust banks inc,2019-01-24
17. Partnerships for the Goals,southwest airlines co,2017-07-07
17. Partnerships for the Goals,moody's corp,2017-07-05
17. Partnerships for the Goals,twitter inc,2016-07-08
17. Partnerships for the Goals,apache corp,2015-08-12
17. Partnerships for the Goals,citigroup inc,2015-05-20
17. Partnerships for the Goals,mcdonald's corp,2017-06-28
17. Partnerships for the Goals,morgan stanley,2017-09-16
17. Partnerships for the Goals,dollar tree inc,2015-04-30
6. Clean Water and Sanitaion,anadarko petroleum corp,2017-05-26
6. Clean Water and Sanitaion,noble energy inc,2017-08-25
6. Clean Water and Sanitaion,westinghouse air brake techn corp,2016-03-25
6. Clean Water and Sanitaion,eastman chemical co,2015-08-19
6. Clean Water and Sanitaion,consolidated edison inc,2018-09-14
6. Clean Water and Sanitaion,symantec corp,2017-01-24
6. Clean Water and Sanitaion,verizon communications inc,2018-01-05
6. Clean Water and Sanitaion,atmos energy corp,2018-03-01
6. Clean Water and Sanitaion,nasdaq inc,2016-03-25
6. Clean Water and Sanitaion,carnival corp,2017-08-27
6. Clean Water and Sanitaion,kroger co,2015-12-14
6. Clean Water and Sanitaion,darden restaurants inc,2015-12-14
6. Clean Water and Sanitaion,walmart inc,2017-07-23
6. Clean Water and Sanitaion,centerpoint energy inc,2017-08-27
6. Clean Water and Sanitaion,conocophillips,2018-06-23
6. Clean Water and Sanitaion,costco wholesale corp,2018-08-22
6. Clean Water and Sanitaion,twitter inc,2019-01-26
6. Clean Water and Sanitaion,merck & co inc,2018-02-14
6. Clean Water and Sanitaion,union pacific corp,2015-10-26
6. Clean Water and Sanitaion,edison international,2019-01-16
6. Clean Water and Sanitaion,delta air lines inc,2019-02-14
6. Clean Water and Sanitaion,allstate corp,2018-07-06
6. Clean Water and Sanitaion,facebook inc,2017-01-06
6. Clean Water and Sanitaion,jones lang lasalle inc,2015-06-17
6. Clean Water and Sanitaion,ihs markit,2016-07-06
6. Clean Water and Sanitaion,duke energy corp,2015-02-20
6. Clean Water and Sanitaion,akamai technologies inc,2017-09-19
6. Clean Water and Sanitaion,united continental holdings inc,2017-08-25
6. Clean Water and Sanitaion,hess corp,2015-05-07
6. Clean Water and Sanitaion,discovery inc,2015-07-10
6. Clean Water and Sanitaion,mosaic co,2016-09-29
6. Clean Water and Sanitaion,mckesson corp,2017-08-18
6. Clean Water and Sanitaion,intercontinental exchange inc,2019-01-26
6. Clean Water and Sanitaion,netflix inc,2015-05-13
6. Clean Water and Sanitaion,valero energy corp,2017-08-27
6. Clean Water and Sanitaion,southwest airlines co,2016-08-14
6. Clean Water and Sanitaion,sempra energy,2016-01-16
6. Clean Water and Sanitaion,walt disney co,2018-10-13
6. Clean Water and Sanitaion,public service enterprise group inc,2016-11-30
6. Clean Water and Sanitaion,chesapeake energy corp,2016-06-08
6. Clean Water and Sanitaion,dominion energy in,2019-04-11
6. Clean Water and Sanitaion,american airlines group,2017-08-25
6. Clean Water and Sanitaion,moody's corp,2017-09-05
6. Clean Water and Sanitaion,entergy corp,2016-11-29
6. Clean Water and Sanitaion,exxon mobil corporation,2016-05-18
6. Clean Water and Sanitaion,norfolk southern corp,2018-08-07
6. Clean Water and Sanitaion,nisource new,2018-09-18
6. Clean Water and Sanitaion,mcdonald's corp,2017-01-07
6. Clean Water and Sanitaion,southern co,2017-10-08
6. Clean Water and Sanitaion,starbucks corp,2018-06-16
6. Clean Water and Sanitaion,kimberly-clark corp,2016-07-12
8. Decent Work and Economic Growth,walmart inc,2019-08-04
8. Decent Work and Economic Growth,microsoft corp,2017-05-14
8. Decent Work and Economic Growth,netflix inc,2015-05-13
8. Decent Work and Economic Growth,fedex corp,2017-05-15
8. Decent Work and Economic Growth,duke energy corp,2018-09-12
8. Decent Work and Economic Growth,eaton corp plc,2018-01-24
8. Decent Work and Economic Growth,moody's corp,2017-05-24
8. Decent Work and Economic Growth,mcdonald's corp,2016-07-23
8. Decent Work and Economic Growth,starbucks corp,2016-01-14
8. Decent Work and Economic Growth,citigroup inc,2015-05-20
8. Decent Work and Economic Growth,pnc financial services group inc,2015-05-20
8. Decent Work and Economic Growth,twitter inc,2017-08-13
12. Responsible Consumption and Production,twitter inc,2017-08-18
12. Responsible Consumption and Production,anadarko petroleum corp,2017-08-26
12. Responsible Consumption and Production,centerpoint energy inc,2016-04-18
12. Responsible Consumption and Production,united continental holdings inc,2017-05-10
12. Responsible Consumption and Production,southern co,2017-09-12
12. Responsible Consumption and Production,union pacific corp,2015-10-24
12. Responsible Consumption and Production,microsoft corp,2017-05-14
12. Responsible Consumption and Production,wells fargo & co,2017-08-29
12. Responsible Consumption and Production,moody's corp,2018-04-20
12. Responsible Consumption and Production,delta air lines inc,2017-09-07
12. Responsible Consumption and Production,valero energy corp,2017-08-26
12. Responsible Consumption and Production,exxon mobil corporation,2017-08-26
12. Responsible Consumption and Production,consolidated edison inc,2018-09-14
12. Responsible Consumption and Production,mcdonald's corp,2018-10-05
12. Responsible Consumption and Production,tiffany & co,2017-08-03
12. Responsible Consumption and Production,tyson foods inc,2016-10-15
12. Responsible Consumption and Production,duke energy corp,2017-03-01
12. Responsible Consumption and Production,xcel energy inc,2019-03-14
12. Responsible Consumption and Production,mckesson corp,2018-07-11
12. Responsible Consumption and Production,american express co,2017-08-04
12. Responsible Consumption and Production,southwest airlines co,2018-02-23
12. Responsible Consumption and Production,pfizer inc,2016-05-14
12. Responsible Consumption and Production,starbucks corp,2016-03-22
12. Responsible Consumption and Production,walmart inc,2017-10-17
12. Responsible Consumption and Production,american airlines group,2017-08-25
12. Responsible Consumption and Production,berkshire hathaway inc,2019-05-09
12. Responsible Consumption and Production,walt disney co,2016-10-05
3. Good Health and Well-being,duke energy corp,2018-09-13
3. Good Health and Well-being,southwest airlines co,2016-11-16
3. Good Health and Well-being,walmart inc,2019-08-05
3. Good Health and Well-being,twitter inc,2017-08-13
3. Good Health and Well-being,mcdonald's corp,2018-10-05
3. Good Health and Well-being,netflix inc,2016-08-13
3. Good Health and Well-being,starbucks corp,2016-01-14
3. Good Health and Well-being,mckesson corp,2016-07-11
3. Good Health and Well-being,american airlines group,2016-03-22
3. Good Health and Well-being,suntrust banks inc,2019-01-24
3. Good Health and Well-being,garmin ltd,2017-02-24
7. Affordable and Clean Energy,southwest airlines co,2018-01-23
7. Affordable and Clean Energy,alliant energy corp,2018-07-21
7. Affordable and Clean Energy,union pacific corp,2016-06-23
7. Affordable and Clean Energy,conocophillips,2018-06-23
7. Affordable and Clean Energy,chesapeake energy corp,2016-06-08
7. Affordable and Clean Energy,moody's corp,2017-09-05
7. Affordable and Clean Energy,westinghouse air brake techn corp,2018-04-04
7. Affordable and Clean Energy,walmart inc,2017-01-03
7. Affordable and Clean Energy,halliburton co,2016-07-15
7. Affordable and Clean Energy,berkshire hathaway inc,2019-05-09
7. Affordable and Clean Energy,facebook inc,2018-01-01
7. Affordable and Clean Energy,baker hughes a,2018-09-10
7. Affordable and Clean Energy,motorola solutions inc,2015-08-13
7. Affordable and Clean Energy,mondelez international inc,2017-06-28
7. Affordable and Clean Energy,eaton corp plc,2017-05-22
7. Affordable and Clean Energy,express scripts holding co,2017-06-27
7. Affordable and Clean Energy,hess corp,2015-05-07
7. Affordable and Clean Energy,merck & co inc,2017-06-28
7. Affordable and Clean Energy,mcdonald's corp,2017-08-26
7. Affordable and Clean Energy,dollar tree inc,2019-07-07
7. Affordable and Clean Energy,duke energy corp,2018-09-18
7. Affordable and Clean Energy,symantec corp,2017-01-24
7. Affordable and Clean Energy,national oilwell varco inc,2018-09-10
7. Affordable and Clean Energy,caterpillar inc,2018-02-05
7. Affordable and Clean Energy,valero energy corp,2017-08-26
7. Affordable and Clean Energy,cme group inc,2019-05-13
7. Affordable and Clean Energy,anadarko petroleum corp,2017-05-26
7. Affordable and Clean Energy,intercontinental exchange inc,2019-01-26
7. Affordable and Clean Energy,microsoft corp,2017-06-28
7. Affordable and Clean Energy,juniper networks inc,2017-06-28
7. Affordable and Clean Energy,nordstrom inc,2019-08-14
7. Affordable and Clean Energy,fedex corp,2017-06-27
7. Affordable and Clean Energy,american airlines group,2018-08-07
7. Affordable and Clean Energy,exxon mobil corporation,2018-09-08
7. Affordable and Clean Energy,consolidated edison inc,2018-09-14
7. Affordable and Clean Energy,twitter inc,2019-01-19
7. Affordable and Clean Energy,carnival corp,2017-08-26
7. Affordable and Clean Energy,chevron corp,2016-05-14
7. Affordable and Clean Energy,apache corp,2015-08-12
"16. Peace, Justice and Strong Institutions",twitter inc,2017-08-13
"16. Peace, Justice and Strong Institutions",starbucks corp,2016-01-14
"16. Peace, Justice and Strong Institutions",citigroup inc,2015-05-20
"16. Peace, Justice and Strong Institutions",mckesson corp,2016-07-10
"16. Peace, Justice and Strong Institutions",american airlines group,2016-03-22
"16. Peace, Justice and Strong Institutions",mcdonald's corp,2016-07-23
"16. Peace, Justice and Strong Institutions",pnc financial services group inc,2015-05-20
"16. Peace, Justice and Strong Institutions",walmart inc,2019-08-05
"16. Peace, Justice and Strong Institutions",netflix inc,2016-08-13
"16. Peace, Justice and Strong Institutions",duke energy corp,2018-09-13
11. Sustainable Cities and Communities,walmart inc,2019-08-04
11. Sustainable Cities and Communities,mckesson corp,2016-07-10
11. Sustainable Cities and Communities,fedex corp,2017-05-15
11. Sustainable Cities and Communities,starbucks corp,2016-01-14
11. Sustainable Cities and Communities,american airlines group,2016-03-22
11. Sustainable Cities and Communities,duke energy corp,2018-09-13
11. Sustainable Cities and Communities,union pacific corp,2016-06-04
11. Sustainable Cities and Communities,twitter inc,2017-08-13
11. Sustainable Cities and Communities,mcdonald's corp,2016-07-23
4. Quality Education,mcdonald's corp,2017-08-26
4. Quality Education,mckesson corp,2016-07-10
4. Quality Education,eaton corp plc,2018-01-24
4. Quality Education,duke energy corp,2018-09-12
4. Quality Education,suntrust banks inc,2019-01-24
4. Quality Education,walmart inc,2019-08-04
15. Life on Land,morgan stanley,2018-10-09
15. Life on Land,intercontinental exchange inc,2019-01-26
15. Life on Land,valero energy corp,2018-03-22
15. Life on Land,conocophillips,2018-06-23
15. Life on Land,southwest airlines co,2017-03-01
15. Life on Land,delta air lines inc,2016-10-07
15. Life on Land,goldman sachs group inc,2016-10-12
15. Life on Land,american airlines group,2016-03-22
15. Life on Land,exxon mobil corporation,2016-07-26
15. Life on Land,norfolk southern corp,2016-03-02
15. Life on Land,moody's corp,2017-05-24
15. Life on Land,eaton corp plc,2015-09-21
15. Life on Land,walt disney co,2018-12-17
15. Life on Land,tiffany & co,2017-08-03
15. Life on Land,united continental holdings inc,2016-01-25
15. Life on Land,consolidated edison inc,2018-09-14
15. Life on Land,symantec corp,2017-01-24
15. Life on Land,duke energy corp,2017-03-01
15. Life on Land,apple inc,2018-08-06
15. Life on Land,starbucks corp,2016-01-14
15. Life on Land,southern co,2017-10-08
15. Life on Land,xcel energy inc,2019-03-14
15. Life on Land,centerpoint energy inc,2016-04-18
15. Life on Land,akamai technologies inc,2017-09-19
15. Life on Land,walmart inc,2017-07-24
15. Life on Land,union pacific corp,2015-10-26
15. Life on Land,anadarko petroleum corp,2017-08-26
15. Life on Land,mcdonald's corp,2016-07-23
15. Life on Land,fedex corp,2018-03-12
15. Life on Land,entergy corp,2016-02-24
1. No Poverty,mckesson corp,2016-07-11
1. No Poverty,anadarko petroleum corp,2017-08-26
1. No Poverty,duke energy corp,2017-03-01
1. No Poverty,tyson foods inc,2016-10-15
1. No Poverty,entergy corp,2016-02-24
1. No Poverty,chevron corp,2016-05-06
1. No Poverty,exxon mobil corporation,2017-08-26
1. No Poverty,verizon communications inc,2017-06-25
1. No Poverty,morgan stanley,2018-10-09
1. No Poverty,caterpillar inc,2015-08-11
1. No Poverty,united continental holdings inc,2016-10-07
1. No Poverty,american express co,2017-08-04
1. No Poverty,mcdonald's corp,2016-07-23
1. No Poverty,american airlines group,2018-12-09
1. No Poverty,walmart inc,2019-08-04
1. No Poverty,fedex corp,2018-03-23
1. No Poverty,twitter inc,2017-08-13
1. No Poverty,xcel energy inc,2019-03-14
1. No Poverty,apple inc,2018-08-06
1. No Poverty,wells fargo & co,2015-03-04
1. No Poverty,southern co,2017-10-09
1. No Poverty,delta air lines inc,2017-01-31
1. No Poverty,norfolk southern corp,2018-08-06
1. No Poverty,walt disney co,2016-11-02
10. Reduced Inequalities,duke energy corp,2018-09-16
10. Reduced Inequalities,walmart inc,2019-08-05
10. Reduced Inequalities,union pacific corp,2016-06-04
10. Reduced Inequalities,fedex corp,2017-05-13
10. Reduced Inequalities,mcdonald's corp,2016-07-23
10. Reduced Inequalities,american airlines group,2016-03-22
10. Reduced Inequalities,twitter inc,2017-08-13
10. Reduced Inequalities,starbucks corp,2016-01-14
10. Reduced Inequalities,mckesson corp,2016-07-11
14. Life below Water,chesapeake energy corp,2016-03-14
14. Life below Water,fedex corp,2017-06-30
14. Life below Water,xcel energy inc,2019-03-14
14. Life below Water,southern co,2017-10-08
14. Life below Water,duke energy corp,2018-09-17
14. Life below Water,allstate corp,2018-07-06
14. Life below Water,norfolk southern corp,2016-03-02
14. Life below Water,anadarko petroleum corp,2017-08-26
14. Life below Water,conocophillips,2018-06-23
14. Life below Water,akamai technologies inc,2017-09-19
14. Life below Water,southwest airlines co,2018-12-07
14. Life below Water,hess corp,2015-05-07
14. Life below Water,morgan stanley,2017-06-08
14. Life below Water,american airlines group,2017-10-03
14. Life below Water,mckesson corp,2016-07-11
14. Life below Water,dollar tree inc,2018-09-14
14. Life below Water,exxon mobil corporation,2018-09-08
14. Life below Water,wells fargo & co,2017-08-29
14. Life below Water,moody's corp,2017-09-05
14. Life below Water,intercontinental exchange inc,2019-01-26
14. Life below Water,tiffany & co,2017-08-03
14. Life below Water,union pacific corp,2016-06-24
14. Life below Water,mcdonald's corp,2017-08-26
14. Life below Water,united continental holdings inc,2017-03-30
14. Life below Water,carnival corp,2017-08-27
5. Gender Equality,walmart inc,2019-08-05
5. Gender Equality,johnson & johnson,2018-07-13
5. Gender Equality,southwest airlines co,2018-02-23
5. Gender Equality,eaton corp plc,2018-02-02
5. Gender Equality,tyson foods inc,2016-10-15
5. Gender Equality,mcdonald's corp,2017-01-06
5. Gender Equality,moody's corp,2018-04-20
5. Gender Equality,garmin ltd,2017-02-25
5. Gender Equality,ingersoll-rand plc,2019-01-07
